Local_authority,household_size,Frequency
Hartlepool,0,0
Hartlepool,1,13616
Hartlepool,2,13844
Hartlepool,3,6780
Hartlepool,4,4547
Hartlepool,5,1519
Hartlepool,6,440
Hartlepool,7,115
Hartlepool,8,69
Middlesbrough,0,0
Middlesbrough,1,19964
Middlesbrough,2,18783
Middlesbrough,3,9819
Middlesbrough,4,7078
Middlesbrough,5,2823
Middlesbrough,6,1131
Middlesbrough,7,420
Middlesbrough,8,244
Redcar and Cleveland,0,0
Redcar and Cleveland,1,20663
Redcar and Cleveland,2,21884
Redcar and Cleveland,3,9591
Redcar and Cleveland,4,6554
Redcar and Cleveland,5,2136
Redcar and Cleveland,6,590
Redcar and Cleveland,7,143
Redcar and Cleveland,8,77
Stockton-on-Tees,0,0
Stockton-on-Tees,1,25980
Stockton-on-Tees,2,28734
Stockton-on-Tees,3,13771
Stockton-on-Tees,4,10297
Stockton-on-Tees,5,3311
Stockton-on-Tees,6,1013
Stockton-on-Tees,7,407
Stockton-on-Tees,8,243
Darlington,0,0
Darlington,1,16714
Darlington,2,17262
Darlington,3,7362
Darlington,4,5287
Darlington,5,1679
Darlington,6,444
Darlington,7,122
Darlington,8,52
Halton,0,0
Halton,1,17702
Halton,2,18910
Halton,3,9487
Halton,4,6809
Halton,5,2207
Halton,6,615
Halton,7,155
Halton,8,66
Warrington,0,0
Warrington,1,27364
Warrington,2,31577
Warrington,3,15267
Warrington,4,11776
Warrington,5,3401
Warrington,6,848
Warrington,7,204
Warrington,8,103
Blackburn with Darwen,0,0
Blackburn with Darwen,1,17578
Blackburn with Darwen,2,16675
Blackburn with Darwen,3,9054
Blackburn with Darwen,4,7827
Blackburn with Darwen,5,4307
Blackburn with Darwen,6,1983
Blackburn with Darwen,7,800
Blackburn with Darwen,8,543
Blackpool,0,0
Blackpool,1,24588
Blackpool,2,21375
Blackpool,3,9581
Blackpool,4,6076
Blackpool,5,2023
Blackpool,6,762
Blackpool,7,232
Blackpool,8,152
Kingston upon Hull,0,0
Kingston upon Hull,1,39446
Kingston upon Hull,2,36970
Kingston upon Hull,3,18409
Kingston upon Hull,4,13232
Kingston upon Hull,5,5002
Kingston upon Hull,6,1565
Kingston upon Hull,7,550
Kingston upon Hull,8,298
East Riding of Yorkshire,0,0
East Riding of Yorkshire,1,45678
East Riding of Yorkshire,2,61113
East Riding of Yorkshire,3,21775
East Riding of Yorkshire,4,17064
East Riding of Yorkshire,5,4743
East Riding of Yorkshire,6,1239
East Riding of Yorkshire,7,316
East Riding of Yorkshire,8,139
North East Lincolnshire,0,0
North East Lincolnshire,1,22718
North East Lincolnshire,2,24895
North East Lincolnshire,3,10966
North East Lincolnshire,4,7689
North East Lincolnshire,5,2535
North East Lincolnshire,6,693
North East Lincolnshire,7,227
North East Lincolnshire,8,103
North Lincolnshire,0,0
North Lincolnshire,1,21366
North Lincolnshire,2,27626
North Lincolnshire,3,11507
North Lincolnshire,4,8456
North Lincolnshire,5,2908
North Lincolnshire,6,913
North Lincolnshire,7,259
North Lincolnshire,8,142
York,0,0
York,1,26640
York,2,31780
York,3,12557
York,4,10372
York,5,2960
York,6,838
York,7,195
York,8,117
Derby,0,0
Derby,1,33054
Derby,2,33738
Derby,3,16423
Derby,4,13325
Derby,5,5234
Derby,6,1998
Derby,7,812
Derby,8,1068
Leicester,0,0
Leicester,1,35173
Leicester,2,32527
Leicester,3,20944
Leicester,4,19347
Leicester,5,10455
Leicester,6,4758
Leicester,7,2118
Leicester,8,2063
Rutland,0,0
Rutland,1,4786
Rutland,2,6814
Rutland,3,2344
Rutland,4,1994
Rutland,5,583
Rutland,6,126
Rutland,7,36
Rutland,8,11
Nottingham,0,0
Nottingham,1,41971
Nottingham,2,37590
Nottingham,3,18696
Nottingham,4,14280
Nottingham,5,6776
Nottingham,6,3115
Nottingham,7,1284
Nottingham,8,1033
Herefordshire,0,0
Herefordshire,1,25434
Herefordshire,2,32073
Herefordshire,3,11947
Herefordshire,4,9298
Herefordshire,5,2946
Herefordshire,6,796
Herefordshire,7,228
Herefordshire,8,106
Telford and Wrekin,0,0
Telford and Wrekin,1,21205
Telford and Wrekin,2,27059
Telford and Wrekin,3,13055
Telford and Wrekin,4,9695
Telford and Wrekin,5,3620
Telford and Wrekin,6,1232
Telford and Wrekin,7,410
Telford and Wrekin,8,234
Stoke-on-Trent,0,0
Stoke-on-Trent,1,36179
Stoke-on-Trent,2,36854
Stoke-on-Trent,3,17327
Stoke-on-Trent,4,12078
Stoke-on-Trent,5,5033
Stoke-on-Trent,6,1783
Stoke-on-Trent,7,715
Stoke-on-Trent,8,429
Bath and North East Somerset,0,0
Bath and North East Somerset,1,23077
Bath and North East Somerset,2,28379
Bath and North East Somerset,3,12065
Bath and North East Somerset,4,11067
Bath and North East Somerset,5,3378
Bath and North East Somerset,6,931
Bath and North East Somerset,7,246
Bath and North East Somerset,8,107
Bristol,0,0
Bristol,1,57862
Bristol,2,64236
Bristol,3,30135
Bristol,4,25245
Bristol,5,8788
Bristol,6,3225
Bristol,7,1181
Bristol,8,967
North Somerset,0,0
North Somerset,1,29090
North Somerset,2,34811
North Somerset,3,13872
North Somerset,4,12183
North Somerset,5,3475
North Somerset,6,877
North Somerset,7,222
North Somerset,8,119
South Gloucestershire,0,0
South Gloucestershire,1,30747
South Gloucestershire,2,42563
South Gloucestershire,3,19821
South Gloucestershire,4,17980
South Gloucestershire,5,5059
South Gloucestershire,6,1360
South Gloucestershire,7,382
South Gloucestershire,8,189
Plymouth,0,0
Plymouth,1,37338
Plymouth,2,40178
Plymouth,3,17651
Plymouth,4,13129
Plymouth,5,4290
Plymouth,6,1347
Plymouth,7,379
Plymouth,8,245
Torbay,0,0
Torbay,1,21883
Torbay,2,22917
Torbay,3,8508
Torbay,4,6310
Torbay,5,2235
Torbay,6,714
Torbay,7,245
Torbay,8,182
Swindon,0,0
Swindon,1,27219
Swindon,2,31933
Swindon,3,16144
Swindon,4,13822
Swindon,5,4530
Swindon,6,1375
Swindon,7,483
Swindon,8,357
Peterborough,0,0
Peterborough,1,23516
Peterborough,2,26700
Peterborough,3,14515
Peterborough,4,11619
Peterborough,5,4858
Peterborough,6,2019
Peterborough,7,769
Peterborough,8,536
Luton,0,0
Luton,1,21068
Luton,2,20469
Luton,3,13153
Luton,4,11529
Luton,5,6476
Luton,6,3335
Luton,7,1596
Luton,8,1314
Southend-on-Sea,0,0
Southend-on-Sea,1,26102
Southend-on-Sea,2,25371
Southend-on-Sea,3,12385
Southend-on-Sea,4,9857
Southend-on-Sea,5,3242
Southend-on-Sea,6,945
Southend-on-Sea,7,284
Southend-on-Sea,8,155
Thurrock,0,0
Thurrock,1,16180
Thurrock,2,19262
Thurrock,3,12854
Thurrock,4,11472
Thurrock,5,4529
Thurrock,6,1441
Thurrock,7,411
Thurrock,8,227
Medway,0,0
Medway,1,30462
Medway,2,35753
Medway,3,19650
Medway,4,16738
Medway,5,6200
Medway,6,1875
Medway,7,524
Medway,8,256
Bracknell Forest,0,0
Bracknell Forest,1,13465
Bracknell Forest,2,16970
Bracknell Forest,3,8935
Bracknell Forest,4,7743
Bracknell Forest,5,2258
Bracknell Forest,6,639
Bracknell Forest,7,162
Bracknell Forest,8,76
West Berkshire,0,0
West Berkshire,1,18008
West Berkshire,2,24134
West Berkshire,3,11005
West Berkshire,4,9680
West Berkshire,5,2807
West Berkshire,6,748
West Berkshire,7,207
West Berkshire,8,69
Reading,0,0
Reading,1,19262
Reading,2,21183
Reading,3,11577
Reading,4,9585
Reading,5,3685
Reading,6,1426
Reading,7,584
Reading,8,381
Slough,0,0
Slough,1,11948
Slough,2,11950
Slough,3,9848
Slough,4,9564
Slough,5,4666
Slough,6,2369
Slough,7,1011
Slough,8,1067
Windsor and Maidenhead,0,0
Windsor and Maidenhead,1,16715
Windsor and Maidenhead,2,20250
Windsor and Maidenhead,3,10329
Windsor and Maidenhead,4,9479
Windsor and Maidenhead,5,2754
Windsor and Maidenhead,6,865
Windsor and Maidenhead,7,264
Windsor and Maidenhead,8,279
Wokingham,0,0
Wokingham,1,16265
Wokingham,2,23529
Wokingham,3,12396
Wokingham,4,12405
Wokingham,5,3405
Wokingham,6,832
Wokingham,7,223
Wokingham,8,109
Milton Keynes,0,0
Milton Keynes,1,29795
Milton Keynes,2,36133
Milton Keynes,3,20168
Milton Keynes,4,17498
Milton Keynes,5,6312
Milton Keynes,6,2152
Milton Keynes,7,668
Milton Keynes,8,376
Brighton and Hove,0,0
Brighton and Hove,1,42101
Brighton and Hove,2,40770
Brighton and Hove,3,18122
Brighton and Hove,4,14243
Brighton and Hove,5,4244
Brighton and Hove,6,1380
Brighton and Hove,7,352
Brighton and Hove,8,190
Portsmouth,0,0
Portsmouth,1,27607
Portsmouth,2,27805
Portsmouth,3,13930
Portsmouth,4,10788
Portsmouth,5,4032
Portsmouth,6,1291
Portsmouth,7,476
Portsmouth,8,225
Southampton,0,0
Southampton,1,33711
Southampton,2,32884
Southampton,3,15636
Southampton,4,12333
Southampton,5,4934
Southampton,6,1822
Southampton,7,593
Southampton,8,378
Isle of Wight,0,0
Isle of Wight,1,22484
Isle of Wight,2,25005
Isle of Wight,3,8437
Isle of Wight,4,5906
Isle of Wight,5,2025
Isle of Wight,6,626
Isle of Wight,7,184
Isle of Wight,8,105
County Durham,0,0
County Durham,1,79529
County Durham,2,84630
County Durham,3,36310
County Durham,4,24430
County Durham,5,7040
County Durham,6,2042
County Durham,7,541
County Durham,8,237
Cheshire East,0,0
Cheshire East,1,53136
Cheshire East,2,64854
Cheshire East,3,27168
Cheshire East,4,21449
Cheshire East,5,6165
Cheshire East,6,1522
Cheshire East,7,373
Cheshire East,8,190
Cheshire West and Chester,0,0
Cheshire West and Chester,1,46887
Cheshire West and Chester,2,56529
Cheshire West and Chester,3,25045
Cheshire West and Chester,4,19291
Cheshire West and Chester,5,5455
Cheshire West and Chester,6,1390
Cheshire West and Chester,7,375
Cheshire West and Chester,8,182
Shropshire,0,0
Shropshire,1,41428
Shropshire,2,54661
Shropshire,3,20205
Shropshire,4,16078
Shropshire,5,4835
Shropshire,6,1396
Shropshire,7,505
Shropshire,8,471
Cornwall,0,0
Cornwall,1,76862
Cornwall,2,96146
Cornwall,3,36219
Cornwall,4,28035
Cornwall,5,9232
Cornwall,6,2753
Cornwall,7,848
Cornwall,8,443
Isles of Scilly,0,0
Isles of Scilly,1,307
Isles of Scilly,2,402
Isles of Scilly,3,94
Isles of Scilly,4,95
Isles of Scilly,5,26
Isles of Scilly,6,11
Isles of Scilly,7,3
Isles of Scilly,8,5
Wiltshire,0,0
Wiltshire,1,60574
Wiltshire,2,81164
Wiltshire,3,33692
Wiltshire,4,28205
Wiltshire,5,8490
Wiltshire,6,2186
Wiltshire,7,535
Wiltshire,8,237
Bedford,0,0
Bedford,1,21448
Bedford,2,24647
Bedford,3,12411
Bedford,4,10569
Bedford,5,3831
Bedford,6,1325
Bedford,7,439
Bedford,8,280
Central Bedfordshire,0,0
Central Bedfordshire,1,31171
Central Bedfordshire,2,43254
Central Bedfordshire,3,21077
Central Bedfordshire,4,18141
Central Bedfordshire,5,5197
Central Bedfordshire,6,1365
Central Bedfordshire,7,376
Central Bedfordshire,8,172
Northumberland,0,0
Northumberland,1,48149
Northumberland,2,56863
Northumberland,3,21121
Northumberland,4,15118
Northumberland,5,4219
Northumberland,6,1073
Northumberland,7,268
Northumberland,8,111
"Bournemouth, Christchurch and Poole",0,0
"Bournemouth, Christchurch and Poole",1,56531
"Bournemouth, Christchurch and Poole",2,61650
"Bournemouth, Christchurch and Poole",3,25969
"Bournemouth, Christchurch and Poole",4,20627
"Bournemouth, Christchurch and Poole",5,6340
"Bournemouth, Christchurch and Poole",6,1877
"Bournemouth, Christchurch and Poole",7,568
"Bournemouth, Christchurch and Poole",8,279
Dorset,0,0
Dorset,1,51741
Dorset,2,68961
Dorset,3,22917
Dorset,4,18049
Dorset,5,5470
Dorset,6,1488
Dorset,7,408
Dorset,8,223
Buckinghamshire,0,0
Buckinghamshire,1,57889
Buckinghamshire,2,74977
Buckinghamshire,3,36693
Buckinghamshire,4,34470
Buckinghamshire,5,11108
Buckinghamshire,6,3331
Buckinghamshire,7,1107
Buckinghamshire,8,753
North Northamptonshire,0,0
North Northamptonshire,1,40715
North Northamptonshire,2,52937
North Northamptonshire,3,25312
North Northamptonshire,4,20317
North Northamptonshire,5,6749
North Northamptonshire,6,2096
North Northamptonshire,7,530
North Northamptonshire,8,263
West Northamptonshire,0,0
West Northamptonshire,1,46474
West Northamptonshire,2,60072
West Northamptonshire,3,29420
West Northamptonshire,4,24645
West Northamptonshire,5,8312
West Northamptonshire,6,2506
West Northamptonshire,7,767
West Northamptonshire,8,445
Cambridge,0,0
Cambridge,1,16660
Cambridge,2,17050
Cambridge,3,8400
Cambridge,4,6525
Cambridge,5,2085
Cambridge,6,775
Cambridge,7,323
Cambridge,8,655
East Cambridgeshire,0,0
East Cambridgeshire,1,10291
East Cambridgeshire,2,13877
East Cambridgeshire,3,5901
East Cambridgeshire,4,5140
East Cambridgeshire,5,1488
East Cambridgeshire,6,358
East Cambridgeshire,7,99
East Cambridgeshire,8,49
Fenland,0,0
Fenland,1,12787
Fenland,2,16857
Fenland,3,6928
Fenland,4,4979
Fenland,5,1709
Fenland,6,573
Fenland,7,170
Fenland,8,80
Huntingdonshire,0,0
Huntingdonshire,1,21564
Huntingdonshire,2,28895
Huntingdonshire,3,12189
Huntingdonshire,4,10226
Huntingdonshire,5,2912
Huntingdonshire,6,793
Huntingdonshire,7,212
Huntingdonshire,8,88
South Cambridgeshire,0,0
South Cambridgeshire,1,17574
South Cambridgeshire,2,24328
South Cambridgeshire,3,10870
South Cambridgeshire,4,10359
South Cambridgeshire,5,2995
South Cambridgeshire,6,665
South Cambridgeshire,7,132
South Cambridgeshire,8,73
Allerdale,0,0
Allerdale,1,14672
Allerdale,2,16517
Allerdale,3,6194
Allerdale,4,4767
Allerdale,5,1344
Allerdale,6,347
Allerdale,7,80
Allerdale,8,51
Barrow-in-Furness,0,0
Barrow-in-Furness,1,11308
Barrow-in-Furness,2,10798
Barrow-in-Furness,3,4493
Barrow-in-Furness,4,3298
Barrow-in-Furness,5,1008
Barrow-in-Furness,6,260
Barrow-in-Furness,7,61
Barrow-in-Furness,8,32
Carlisle,0,0
Carlisle,1,17780
Carlisle,2,18164
Carlisle,3,7232
Carlisle,4,5235
Carlisle,5,1655
Carlisle,6,436
Carlisle,7,105
Carlisle,8,56
Copeland,0,0
Copeland,1,10565
Copeland,2,11246
Copeland,3,4396
Copeland,4,3276
Copeland,5,948
Copeland,6,265
Copeland,7,70
Copeland,8,23
Eden,0,0
Eden,1,7618
Eden,2,9858
Eden,3,3298
Eden,4,2617
Eden,5,862
Eden,6,241
Eden,7,66
Eden,8,53
South Lakeland,0,0
South Lakeland,1,15487
South Lakeland,2,19224
South Lakeland,3,6223
South Lakeland,4,4981
South Lakeland,5,1329
South Lakeland,6,297
South Lakeland,7,72
South Lakeland,8,43
Amber Valley,0,0
Amber Valley,1,17166
Amber Valley,2,21621
Amber Valley,3,8525
Amber Valley,4,6564
Amber Valley,5,1761
Amber Valley,6,441
Amber Valley,7,136
Amber Valley,8,64
Bolsover,0,0
Bolsover,1,10539
Bolsover,2,13197
Bolsover,3,5779
Bolsover,4,4050
Bolsover,5,1228
Bolsover,6,329
Bolsover,7,99
Bolsover,8,41
Chesterfield,0,0
Chesterfield,1,17066
Chesterfield,2,17159
Chesterfield,3,6878
Chesterfield,4,4939
Chesterfield,5,1472
Chesterfield,6,387
Chesterfield,7,100
Chesterfield,8,58
Derbyshire Dales,0,0
Derbyshire Dales,1,9890
Derbyshire Dales,2,13182
Derbyshire Dales,3,4401
Derbyshire Dales,4,3511
Derbyshire Dales,5,986
Derbyshire Dales,6,233
Derbyshire Dales,7,57
Derbyshire Dales,8,23
Erewash,0,0
Erewash,1,15551
Erewash,2,18742
Erewash,3,8049
Erewash,4,5803
Erewash,5,1606
Erewash,6,443
Erewash,7,99
Erewash,8,41
High Peak,0,0
High Peak,1,12944
High Peak,2,15089
High Peak,3,6159
High Peak,4,4811
High Peak,5,1332
High Peak,6,334
High Peak,7,74
High Peak,8,29
North East Derbyshire,0,0
North East Derbyshire,1,14305
North East Derbyshire,2,17761
North East Derbyshire,3,6755
North East Derbyshire,4,5291
North East Derbyshire,5,1402
North East Derbyshire,6,350
North East Derbyshire,7,80
North East Derbyshire,8,43
South Derbyshire,0,0
South Derbyshire,1,12249
South Derbyshire,2,17057
South Derbyshire,3,7552
South Derbyshire,4,5969
South Derbyshire,5,1764
South Derbyshire,6,462
South Derbyshire,7,137
South Derbyshire,8,50
East Devon,0,0
East Devon,1,20056
East Devon,2,27221
East Devon,3,8914
East Devon,4,7329
East Devon,5,2324
East Devon,6,646
East Devon,7,182
East Devon,8,116
Exeter,0,0
Exeter,1,17021
Exeter,2,17881
Exeter,3,7823
Exeter,4,6378
Exeter,5,2215
Exeter,6,814
Exeter,7,263
Exeter,8,158
Mid Devon,0,0
Mid Devon,1,10238
Mid Devon,2,13825
Mid Devon,3,5031
Mid Devon,4,4448
Mid Devon,5,1468
Mid Devon,6,427
Mid Devon,7,119
Mid Devon,8,75
North Devon,0,0
North Devon,1,13257
North Devon,2,16576
North Devon,3,6096
North Devon,4,4968
North Devon,5,1605
North Devon,6,477
North Devon,7,136
North Devon,8,82
South Hams,0,0
South Hams,1,11621
South Hams,2,15975
South Hams,3,5492
South Hams,4,4368
South Hams,5,1369
South Hams,6,361
South Hams,7,90
South Hams,8,61
Teignbridge,0,0
Teignbridge,1,18406
Teignbridge,2,23537
Teignbridge,3,8351
Teignbridge,4,6722
Teignbridge,5,2012
Teignbridge,6,573
Teignbridge,7,157
Teignbridge,8,79
Torridge,0,0
Torridge,1,9330
Torridge,2,12392
Torridge,3,4058
Torridge,4,3100
Torridge,5,1066
Torridge,6,364
Torridge,7,97
Torridge,8,53
West Devon,0,0
West Devon,1,7300
West Devon,2,10182
West Devon,3,3325
West Devon,4,2711
West Devon,5,919
West Devon,6,251
West Devon,7,72
West Devon,8,59
Eastbourne,0,0
Eastbourne,1,16205
Eastbourne,2,15668
Eastbourne,3,6398
Eastbourne,4,4909
Eastbourne,5,1670
Eastbourne,6,511
Eastbourne,7,162
Eastbourne,8,87
Hastings,0,0
Hastings,1,14441
Hastings,2,13249
Hastings,3,5951
Hastings,4,4419
Hastings,5,1623
Hastings,6,503
Hastings,7,168
Hastings,8,99
Lewes,0,0
Lewes,1,13539
Lewes,2,16174
Lewes,3,6478
Lewes,4,5236
Lewes,5,1663
Lewes,6,427
Lewes,7,137
Lewes,8,34
Rother,0,0
Rother,1,13713
Rother,2,16801
Rother,3,5463
Rother,4,4069
Rother,5,1371
Rother,6,467
Rother,7,141
Rother,8,76
Wealden,0,0
Wealden,1,18745
Wealden,2,26958
Wealden,3,10216
Wealden,4,8620
Wealden,5,2720
Wealden,6,746
Wealden,7,178
Wealden,8,83
Basildon,0,0
Basildon,1,21474
Basildon,2,24554
Basildon,3,13258
Basildon,4,11540
Basildon,5,3810
Basildon,6,1184
Basildon,7,351
Basildon,8,192
Braintree,0,0
Braintree,1,17774
Braintree,2,23651
Braintree,3,10603
Braintree,4,9082
Braintree,5,2846
Braintree,6,747
Braintree,7,204
Braintree,8,77
Brentwood,0,0
Brentwood,1,9402
Brentwood,2,10940
Brentwood,3,5285
Brentwood,4,4908
Brentwood,5,1365
Brentwood,6,327
Brentwood,7,79
Brentwood,8,36
Castle Point,0,0
Castle Point,1,10221
Castle Point,2,13567
Castle Point,3,6056
Castle Point,4,5188
Castle Point,5,1653
Castle Point,6,474
Castle Point,7,140
Castle Point,8,89
Chelmsford,0,0
Chelmsford,1,21153
Chelmsford,2,26360
Chelmsford,3,12249
Chelmsford,4,11286
Chelmsford,5,3280
Chelmsford,6,775
Chelmsford,7,198
Chelmsford,8,102
Colchester,0,0
Colchester,1,23075
Colchester,2,27877
Colchester,3,12984
Colchester,4,10970
Colchester,5,3441
Colchester,6,963
Colchester,7,287
Colchester,8,111
Epping Forest,0,0
Epping Forest,1,14827
Epping Forest,2,17990
Epping Forest,3,9499
Epping Forest,4,8356
Epping Forest,5,2692
Epping Forest,6,830
Epping Forest,7,215
Epping Forest,8,148
Harlow,0,0
Harlow,1,10918
Harlow,2,11457
Harlow,3,6940
Harlow,4,5704
Harlow,5,1952
Harlow,6,588
Harlow,7,212
Harlow,8,86
Maldon,0,0
Maldon,1,7418
Maldon,2,10698
Maldon,3,4436
Maldon,4,3767
Maldon,5,1143
Maldon,6,319
Maldon,7,75
Maldon,8,44
Rochford,0,0
Rochford,1,9360
Rochford,2,12823
Rochford,3,5855
Rochford,4,5470
Rochford,5,1556
Rochford,6,363
Rochford,7,99
Rochford,8,33
Tendring,0,0
Tendring,1,23073
Tendring,2,25249
Tendring,3,8867
Tendring,4,6644
Tendring,5,2406
Tendring,6,823
Tendring,7,277
Tendring,8,114
Uttlesford,0,0
Uttlesford,1,9228
Uttlesford,2,13236
Uttlesford,3,6259
Uttlesford,4,5900
Uttlesford,5,1795
Uttlesford,6,418
Uttlesford,7,93
Uttlesford,8,29
Cheltenham,0,0
Cheltenham,1,18432
Cheltenham,2,18513
Cheltenham,3,7319
Cheltenham,4,6242
Cheltenham,5,1773
Cheltenham,6,426
Cheltenham,7,121
Cheltenham,8,73
Cotswold,0,0
Cotswold,1,12261
Cotswold,2,16288
Cotswold,3,5646
Cotswold,4,4631
Cotswold,5,1335
Cotswold,6,317
Cotswold,7,73
Cotswold,8,41
Forest of Dean,0,0
Forest of Dean,1,10579
Forest of Dean,2,14707
Forest of Dean,3,5620
Forest of Dean,4,4251
Forest of Dean,5,1431
Forest of Dean,6,438
Forest of Dean,7,123
Forest of Dean,8,67
Gloucester,0,0
Gloucester,1,16754
Gloucester,2,18652
Gloucester,3,8986
Gloucester,4,7284
Gloucester,5,2549
Gloucester,6,812
Gloucester,7,231
Gloucester,8,139
Stroud,0,0
Stroud,1,15257
Stroud,2,19795
Stroud,3,7870
Stroud,4,6814
Stroud,5,1956
Stroud,6,513
Stroud,7,116
Stroud,8,57
Tewkesbury,0,0
Tewkesbury,1,11551
Tewkesbury,2,15605
Tewkesbury,3,6296
Tewkesbury,4,5508
Tewkesbury,5,1452
Tewkesbury,6,365
Tewkesbury,7,105
Tewkesbury,8,49
Basingstoke and Deane,0,0
Basingstoke and Deane,1,20406
Basingstoke and Deane,2,27492
Basingstoke and Deane,3,13085
Basingstoke and Deane,4,11005
Basingstoke and Deane,5,3347
Basingstoke and Deane,6,925
Basingstoke and Deane,7,241
Basingstoke and Deane,8,144
East Hampshire,0,0
East Hampshire,1,13910
East Hampshire,2,20238
East Hampshire,3,8392
East Hampshire,4,7348
East Hampshire,5,2100
East Hampshire,6,542
East Hampshire,7,129
East Hampshire,8,58
Eastleigh,0,0
Eastleigh,1,15107
Eastleigh,2,20845
Eastleigh,3,9401
Eastleigh,4,8494
Eastleigh,5,2293
Eastleigh,6,590
Eastleigh,7,120
Eastleigh,8,76
Fareham,0,0
Fareham,1,13009
Fareham,2,19043
Fareham,3,7695
Fareham,4,6693
Fareham,5,1668
Fareham,6,386
Fareham,7,92
Fareham,8,53
Gosport,0,0
Gosport,1,11443
Gosport,2,13042
Gosport,3,5385
Gosport,4,4039
Gosport,5,1397
Gosport,6,405
Gosport,7,141
Gosport,8,70
Hart,0,0
Hart,1,9836
Hart,2,14388
Hart,3,6854
Hart,4,6621
Hart,5,1790
Hart,6,362
Hart,7,75
Hart,8,38
Havant,0,0
Havant,1,15957
Havant,2,19947
Havant,3,8100
Havant,4,6469
Havant,5,2109
Havant,6,691
Havant,7,210
Havant,8,106
New Forest,0,0
New Forest,1,22737
New Forest,2,31381
New Forest,3,10944
New Forest,4,8818
New Forest,5,2706
New Forest,6,725
New Forest,7,171
New Forest,8,83
Rushmoor,0,0
Rushmoor,1,10502
Rushmoor,2,12618
Rushmoor,3,7036
Rushmoor,4,5974
Rushmoor,5,2045
Rushmoor,6,757
Rushmoor,7,250
Rushmoor,8,118
Test Valley,0,0
Test Valley,1,14464
Test Valley,2,20828
Test Valley,3,8947
Test Valley,4,7540
Test Valley,5,2145
Test Valley,6,575
Test Valley,7,136
Test Valley,8,68
Winchester,0,0
Winchester,1,14333
Winchester,2,19105
Winchester,3,7874
Winchester,4,7395
Winchester,5,2271
Winchester,6,545
Winchester,7,146
Winchester,8,48
Broxbourne,0,0
Broxbourne,1,10971
Broxbourne,2,12262
Broxbourne,3,7220
Broxbourne,4,6461
Broxbourne,5,2164
Broxbourne,6,541
Broxbourne,7,160
Broxbourne,8,70
Dacorum,0,0
Dacorum,1,17851
Dacorum,2,20858
Dacorum,3,11024
Dacorum,4,9760
Dacorum,5,2853
Dacorum,6,759
Dacorum,7,201
Dacorum,8,106
Hertsmere,0,0
Hertsmere,1,11527
Hertsmere,2,13153
Hertsmere,3,7624
Hertsmere,4,7178
Hertsmere,5,2310
Hertsmere,6,622
Hertsmere,7,170
Hertsmere,8,98
North Hertfordshire,0,0
North Hertfordshire,1,16903
North Hertfordshire,2,19605
North Hertfordshire,3,9021
North Hertfordshire,4,8111
North Hertfordshire,5,2300
North Hertfordshire,6,592
North Hertfordshire,7,125
North Hertfordshire,8,70
Three Rivers,0,0
Three Rivers,1,9697
Three Rivers,2,11231
Three Rivers,3,6635
Three Rivers,4,6593
Three Rivers,5,1967
Three Rivers,6,509
Three Rivers,7,143
Three Rivers,8,85
Watford,0,0
Watford,1,11146
Watford,2,11334
Watford,3,7106
Watford,4,6294
Watford,5,2327
Watford,6,871
Watford,7,297
Watford,8,252
Ashford,0,0
Ashford,1,13861
Ashford,2,18895
Ashford,3,9068
Ashford,4,7794
Ashford,5,2670
Ashford,6,886
Ashford,7,275
Ashford,8,133
Canterbury,0,0
Canterbury,1,19046
Canterbury,2,22843
Canterbury,3,9959
Canterbury,4,7927
Canterbury,5,2746
Canterbury,6,908
Canterbury,7,260
Canterbury,8,103
Dartford,0,0
Dartford,1,11827
Dartford,2,14013
Dartford,3,8413
Dartford,4,7779
Dartford,5,2633
Dartford,6,706
Dartford,7,233
Dartford,8,92
Dover,0,0
Dover,1,15658
Dover,2,18675
Dover,3,7732
Dover,4,5619
Dover,5,1950
Dover,6,608
Dover,7,199
Dover,8,107
Gravesham,0,0
Gravesham,1,11212
Gravesham,2,12749
Gravesham,3,7250
Gravesham,4,6607
Gravesham,5,2631
Gravesham,6,853
Gravesham,7,265
Gravesham,8,157
Maidstone,0,0
Maidstone,1,18800
Maidstone,2,25050
Maidstone,3,12023
Maidstone,4,10546
Maidstone,5,3349
Maidstone,6,959
Maidstone,7,293
Maidstone,8,187
Sevenoaks,0,0
Sevenoaks,1,12990
Sevenoaks,2,16893
Sevenoaks,3,8198
Sevenoaks,4,7760
Sevenoaks,5,2396
Sevenoaks,6,562
Sevenoaks,7,130
Sevenoaks,8,82
Folkestone and Hythe,0,0
Folkestone and Hythe,1,15728
Folkestone and Hythe,2,17799
Folkestone and Hythe,3,6863
Folkestone and Hythe,4,5199
Folkestone and Hythe,5,1821
Folkestone and Hythe,6,629
Folkestone and Hythe,7,195
Folkestone and Hythe,8,105
Swale,0,0
Swale,1,15957
Swale,2,21206
Swale,3,10223
Swale,4,8451
Swale,5,3029
Swale,6,1057
Swale,7,379
Swale,8,193
Thanet,0,0
Thanet,1,20839
Thanet,2,21791
Thanet,3,9244
Thanet,4,6716
Thanet,5,2430
Thanet,6,806
Thanet,7,233
Thanet,8,141
Tonbridge and Malling,0,0
Tonbridge and Malling,1,13698
Tonbridge and Malling,2,18695
Tonbridge and Malling,3,9279
Tonbridge and Malling,4,8511
Tonbridge and Malling,5,2568
Tonbridge and Malling,6,599
Tonbridge and Malling,7,153
Tonbridge and Malling,8,73
Tunbridge Wells,0,0
Tunbridge Wells,1,14198
Tunbridge Wells,2,16415
Tunbridge Wells,3,7762
Tunbridge Wells,4,7104
Tunbridge Wells,5,2089
Tunbridge Wells,6,482
Tunbridge Wells,7,106
Tunbridge Wells,8,66
Burnley,0,0
Burnley,1,13126
Burnley,2,12801
Burnley,3,6279
Burnley,4,4463
Burnley,5,1857
Burnley,6,800
Burnley,7,315
Burnley,8,231
Chorley,0,0
Chorley,1,14660
Chorley,2,18326
Chorley,3,8190
Chorley,4,6507
Chorley,5,1820
Chorley,6,451
Chorley,7,132
Chorley,8,47
Fylde,0,0
Fylde,1,12863
Fylde,2,14433
Fylde,3,5201
Fylde,4,3667
Fylde,5,1075
Fylde,6,246
Fylde,7,83
Fylde,8,38
Hyndburn,0,0
Hyndburn,1,11434
Hyndburn,2,11402
Hyndburn,3,5449
Hyndburn,4,3728
Hyndburn,5,1611
Hyndburn,6,642
Hyndburn,7,291
Hyndburn,8,234
Lancaster,0,0
Lancaster,1,19526
Lancaster,2,21376
Lancaster,3,8885
Lancaster,4,6871
Lancaster,5,2234
Lancaster,6,724
Lancaster,7,218
Lancaster,8,149
Pendle,0,0
Pendle,1,11824
Pendle,2,12183
Pendle,3,5508
Pendle,4,4255
Pendle,5,2189
Pendle,6,1159
Pendle,7,479
Pendle,8,469
Preston,0,0
Preston,1,19400
Preston,2,18312
Preston,3,9564
Preston,4,7401
Preston,5,3127
Preston,6,1195
Preston,7,366
Preston,8,244
Ribble Valley,0,0
Ribble Valley,1,7807
Ribble Valley,2,10220
Ribble Valley,3,4238
Ribble Valley,4,3273
Ribble Valley,5,905
Ribble Valley,6,204
Ribble Valley,7,64
Ribble Valley,8,36
Rossendale,0,0
Rossendale,1,9708
Rossendale,2,10398
Rossendale,3,4922
Rossendale,4,3737
Rossendale,5,1221
Rossendale,6,367
Rossendale,7,136
Rossendale,8,73
South Ribble,0,0
South Ribble,1,14496
South Ribble,2,17855
South Ribble,3,7965
South Ribble,4,6012
South Ribble,5,1684
South Ribble,6,413
South Ribble,7,113
South Ribble,8,50
West Lancashire,0,0
West Lancashire,1,13989
West Lancashire,2,17548
West Lancashire,3,7964
West Lancashire,4,6352
West Lancashire,5,1950
West Lancashire,6,524
West Lancashire,7,154
West Lancashire,8,52
Wyre,0,0
Wyre,1,16346
Wyre,2,19636
Wyre,3,7409
Wyre,4,5245
Wyre,5,1559
Wyre,6,425
Wyre,7,96
Wyre,8,52
Blaby,0,0
Blaby,1,11095
Blaby,2,15392
Blaby,3,7214
Blaby,4,6352
Blaby,5,1858
Blaby,6,469
Blaby,7,137
Blaby,8,62
Charnwood,0,0
Charnwood,1,20860
Charnwood,2,26012
Charnwood,3,12097
Charnwood,4,10251
Charnwood,5,3080
Charnwood,6,1003
Charnwood,7,323
Charnwood,8,159
Harborough,0,0
Harborough,1,10514
Harborough,2,15394
Harborough,3,6442
Harborough,4,5725
Harborough,5,1680
Harborough,6,425
Harborough,7,143
Harborough,8,90
Hinckley and Bosworth,0,0
Hinckley and Bosworth,1,13972
Hinckley and Bosworth,2,19177
Hinckley and Bosworth,3,7837
Hinckley and Bosworth,4,6161
Hinckley and Bosworth,5,1695
Hinckley and Bosworth,6,424
Hinckley and Bosworth,7,123
Hinckley and Bosworth,8,58
Melton,0,0
Melton,1,6363
Melton,2,9021
Melton,3,3395
Melton,4,2710
Melton,5,846
Melton,6,180
Melton,7,55
Melton,8,29
North West Leicestershire,0,0
North West Leicestershire,1,12497
North West Leicestershire,2,17024
North West Leicestershire,3,7367
North West Leicestershire,4,5754
North West Leicestershire,5,1667
North West Leicestershire,6,490
North West Leicestershire,7,118
North West Leicestershire,8,55
Oadby and Wigston,0,0
Oadby and Wigston,1,6347
Oadby and Wigston,2,7306
Oadby and Wigston,3,3760
Oadby and Wigston,4,3329
Oadby and Wigston,5,1251
Oadby and Wigston,6,415
Oadby and Wigston,7,134
Oadby and Wigston,8,75
Boston,0,0
Boston,1,8089
Boston,2,10784
Boston,3,4822
Boston,4,3763
Boston,5,1393
Boston,6,372
Boston,7,124
Boston,8,55
East Lindsey,0,0
East Lindsey,1,19800
East Lindsey,2,27693
East Lindsey,3,8643
East Lindsey,4,5691
East Lindsey,5,2023
East Lindsey,6,586
East Lindsey,7,214
East Lindsey,8,104
Lincoln,0,0
Lincoln,1,14137
Lincoln,2,14441
Lincoln,3,6509
Lincoln,4,4789
Lincoln,5,1665
Lincoln,6,619
Lincoln,7,216
Lincoln,8,130
North Kesteven,0,0
North Kesteven,1,13989
North Kesteven,2,20613
North Kesteven,3,7891
North Kesteven,4,6138
North Kesteven,5,1778
North Kesteven,6,427
North Kesteven,7,110
North Kesteven,8,43
South Holland,0,0
South Holland,1,11051
South Holland,2,16115
South Holland,3,6469
South Holland,4,4747
South Holland,5,1616
South Holland,6,484
South Holland,7,139
South Holland,8,81
South Kesteven,0,0
South Kesteven,1,18226
South Kesteven,2,24516
South Kesteven,3,9546
South Kesteven,4,7587
South Kesteven,5,2200
South Kesteven,6,571
South Kesteven,7,138
South Kesteven,8,66
West Lindsey,0,0
West Lindsey,1,12680
West Lindsey,2,17035
West Lindsey,3,6078
West Lindsey,4,4575
West Lindsey,5,1385
West Lindsey,6,418
West Lindsey,7,114
West Lindsey,8,60
Breckland,0,0
Breckland,1,16550
Breckland,2,24205
Breckland,3,9218
Breckland,4,7048
Breckland,5,2290
Breckland,6,727
Breckland,7,206
Breckland,8,115
Broadland,0,0
Broadland,1,16238
Broadland,2,23360
Broadland,3,8538
Broadland,4,7177
Broadland,5,1826
Broadland,6,446
Broadland,7,118
Broadland,8,56
Great Yarmouth,0,0
Great Yarmouth,1,14488
Great Yarmouth,2,16486
Great Yarmouth,3,6620
Great Yarmouth,4,4492
Great Yarmouth,5,1671
Great Yarmouth,6,530
Great Yarmouth,7,166
Great Yarmouth,8,91
King's Lynn and West Norfolk,0,0
King's Lynn and West Norfolk,1,19829
King's Lynn and West Norfolk,2,26602
King's Lynn and West Norfolk,3,9971
King's Lynn and West Norfolk,4,7405
King's Lynn and West Norfolk,5,2510
King's Lynn and West Norfolk,6,783
King's Lynn and West Norfolk,7,255
King's Lynn and West Norfolk,8,109
North Norfolk,0,0
North Norfolk,1,16319
North Norfolk,2,20337
North Norfolk,3,5726
North Norfolk,4,4099
North Norfolk,5,1328
North Norfolk,6,383
North Norfolk,7,130
North Norfolk,8,52
Norwich,0,0
Norwich,1,25098
Norwich,2,20646
Norwich,3,8800
Norwich,4,6472
Norwich,5,2307
Norwich,6,833
Norwich,7,198
Norwich,8,108
South Norfolk,0,0
South Norfolk,1,16990
South Norfolk,2,24606
South Norfolk,3,9127
South Norfolk,4,7793
South Norfolk,5,2106
South Norfolk,6,546
South Norfolk,7,143
South Norfolk,8,70
Craven,0,0
Craven,1,8440
Craven,2,10370
Craven,3,3429
Craven,4,2785
Craven,5,765
Craven,6,204
Craven,7,54
Craven,8,22
Hambleton,0,0
Hambleton,1,12176
Hambleton,2,16708
Hambleton,3,5801
Hambleton,4,4522
Hambleton,5,1216
Hambleton,6,284
Hambleton,7,70
Hambleton,8,26
Harrogate,0,0
Harrogate,1,21845
Harrogate,2,27300
Harrogate,3,10303
Harrogate,4,8740
Harrogate,5,2289
Harrogate,6,537
Harrogate,7,104
Harrogate,8,51
Richmondshire,0,0
Richmondshire,1,6108
Richmondshire,2,8448
Richmondshire,3,3006
Richmondshire,4,2394
Richmondshire,5,694
Richmondshire,6,226
Richmondshire,7,51
Richmondshire,8,17
Ryedale,0,0
Ryedale,1,7550
Ryedale,2,10178
Ryedale,3,3345
Ryedale,4,2566
Ryedale,5,803
Ryedale,6,203
Ryedale,7,49
Ryedale,8,22
Scarborough,0,0
Scarborough,1,18216
Scarborough,2,19496
Scarborough,3,6716
Scarborough,4,4490
Scarborough,5,1554
Scarborough,6,463
Scarborough,7,130
Scarborough,8,58
Selby,0,0
Selby,1,10556
Selby,2,15552
Selby,3,6469
Selby,4,5210
Selby,5,1338
Selby,6,306
Selby,7,101
Selby,8,27
Ashfield,0,0
Ashfield,1,16048
Ashfield,2,19882
Ashfield,3,9122
Ashfield,4,6489
Ashfield,5,2122
Ashfield,6,612
Ashfield,7,145
Ashfield,8,88
Bassetlaw,0,0
Bassetlaw,1,15492
Bassetlaw,2,19557
Bassetlaw,3,8094
Bassetlaw,4,5885
Bassetlaw,5,1774
Bassetlaw,6,452
Bassetlaw,7,147
Bassetlaw,8,57
Broxtowe,0,0
Broxtowe,1,14581
Broxtowe,2,18254
Broxtowe,3,7480
Broxtowe,4,5777
Broxtowe,5,1653
Broxtowe,6,418
Broxtowe,7,128
Broxtowe,8,70
Gedling,0,0
Gedling,1,15514
Gedling,2,18965
Gedling,3,8347
Gedling,4,6411
Gedling,5,1673
Gedling,6,443
Gedling,7,139
Gedling,8,61
Mansfield,0,0
Mansfield,1,14471
Mansfield,2,17313
Mansfield,3,7982
Mansfield,4,5729
Mansfield,5,1802
Mansfield,6,513
Mansfield,7,149
Mansfield,8,73
Newark and Sherwood,0,0
Newark and Sherwood,1,15746
Newark and Sherwood,2,20392
Newark and Sherwood,3,8322
Newark and Sherwood,4,6267
Newark and Sherwood,5,1893
Newark and Sherwood,6,508
Newark and Sherwood,7,137
Newark and Sherwood,8,68
Rushcliffe,0,0
Rushcliffe,1,13822
Rushcliffe,2,18574
Rushcliffe,3,7795
Rushcliffe,4,7172
Rushcliffe,5,1911
Rushcliffe,6,432
Rushcliffe,7,123
Rushcliffe,8,53
Cherwell,0,0
Cherwell,1,17339
Cherwell,2,23650
Cherwell,3,11378
Cherwell,4,9456
Cherwell,5,2834
Cherwell,6,845
Cherwell,7,243
Cherwell,8,148
Oxford,0,0
Oxford,1,16096
Oxford,2,17088
Oxford,3,8842
Oxford,4,7476
Oxford,5,3182
Oxford,6,1310
Oxford,7,682
Oxford,8,563
South Oxfordshire,0,0
South Oxfordshire,1,16105
South Oxfordshire,2,22830
South Oxfordshire,3,10037
South Oxfordshire,4,9007
South Oxfordshire,5,2639
South Oxfordshire,6,640
South Oxfordshire,7,165
South Oxfordshire,8,74
Vale of White Horse,0,0
Vale of White Horse,1,15437
Vale of White Horse,2,21323
Vale of White Horse,3,9425
Vale of White Horse,4,8098
Vale of White Horse,5,2408
Vale of White Horse,6,590
Vale of White Horse,7,152
Vale of White Horse,8,65
West Oxfordshire,0,0
West Oxfordshire,1,13206
West Oxfordshire,2,18068
West Oxfordshire,3,7774
West Oxfordshire,4,6394
West Oxfordshire,5,1934
West Oxfordshire,6,444
West Oxfordshire,7,109
West Oxfordshire,8,52
Mendip,0,0
Mendip,1,15152
Mendip,2,18961
Mendip,3,7544
Mendip,4,6082
Mendip,5,1828
Mendip,6,530
Mendip,7,142
Mendip,8,54
Sedgemoor,0,0
Sedgemoor,1,15620
Sedgemoor,2,20551
Sedgemoor,3,8241
Sedgemoor,4,6392
Sedgemoor,5,2149
Sedgemoor,6,643
Sedgemoor,7,201
Sedgemoor,8,106
South Somerset,0,0
South Somerset,1,22859
South Somerset,2,29764
South Somerset,3,10986
South Somerset,4,8524
South Somerset,5,2729
South Somerset,6,756
South Somerset,7,206
South Somerset,8,113
Cannock Chase,0,0
Cannock Chase,1,12573
Cannock Chase,2,15861
Cannock Chase,3,7502
Cannock Chase,4,5234
Cannock Chase,5,1712
Cannock Chase,6,414
Cannock Chase,7,105
Cannock Chase,8,59
East Staffordshire,0,0
East Staffordshire,1,14760
East Staffordshire,2,18209
East Staffordshire,3,8252
East Staffordshire,4,6446
East Staffordshire,5,2305
East Staffordshire,6,822
East Staffordshire,7,290
East Staffordshire,8,208
Lichfield,0,0
Lichfield,1,12662
Lichfield,2,17587
Lichfield,3,7377
Lichfield,4,5810
Lichfield,5,1610
Lichfield,6,411
Lichfield,7,111
Lichfield,8,62
Newcastle-under-Lyme,0,0
Newcastle-under-Lyme,1,16588
Newcastle-under-Lyme,2,19527
Newcastle-under-Lyme,3,8551
Newcastle-under-Lyme,4,6124
Newcastle-under-Lyme,5,1872
Newcastle-under-Lyme,6,536
Newcastle-under-Lyme,7,149
Newcastle-under-Lyme,8,76
South Staffordshire,0,0
South Staffordshire,1,12558
South Staffordshire,2,17896
South Staffordshire,3,7497
South Staffordshire,4,5910
South Staffordshire,5,1664
South Staffordshire,6,425
South Staffordshire,7,115
South Staffordshire,8,56
Stafford,0,0
Stafford,1,17754
Stafford,2,23322
Stafford,3,9227
Stafford,4,7128
Stafford,5,1946
Stafford,6,470
Stafford,7,135
Stafford,8,65
Staffordshire Moorlands,0,0
Staffordshire Moorlands,1,12536
Staffordshire Moorlands,2,16629
Staffordshire Moorlands,3,6332
Staffordshire Moorlands,4,4873
Staffordshire Moorlands,5,1490
Staffordshire Moorlands,6,345
Staffordshire Moorlands,7,100
Staffordshire Moorlands,8,46
Tamworth,0,0
Tamworth,1,8787
Tamworth,2,11893
Tamworth,3,5878
Tamworth,4,4379
Tamworth,5,1395
Tamworth,6,391
Tamworth,7,116
Tamworth,8,57
Babergh,0,0
Babergh,1,11382
Babergh,2,16109
Babergh,3,5902
Babergh,4,4861
Babergh,5,1439
Babergh,6,382
Babergh,7,98
Babergh,8,30
Ipswich,0,0
Ipswich,1,19270
Ipswich,2,19363
Ipswich,3,9409
Ipswich,4,7452
Ipswich,5,2723
Ipswich,6,895
Ipswich,7,277
Ipswich,8,121
Mid Suffolk,0,0
Mid Suffolk,1,11983
Mid Suffolk,2,18369
Mid Suffolk,3,6354
Mid Suffolk,4,5408
Mid Suffolk,5,1601
Mid Suffolk,6,443
Mid Suffolk,7,128
Mid Suffolk,8,58
Elmbridge,0,0
Elmbridge,1,14972
Elmbridge,2,17591
Elmbridge,3,9490
Elmbridge,4,10074
Elmbridge,5,2721
Elmbridge,6,554
Elmbridge,7,136
Elmbridge,8,53
Epsom and Ewell,0,0
Epsom and Ewell,1,7625
Epsom and Ewell,2,9961
Epsom and Ewell,3,5705
Epsom and Ewell,4,5782
Epsom and Ewell,5,1616
Epsom and Ewell,6,415
Epsom and Ewell,7,135
Epsom and Ewell,8,81
Guildford,0,0
Guildford,1,14840
Guildford,2,19409
Guildford,3,9288
Guildford,4,8706
Guildford,5,2597
Guildford,6,672
Guildford,7,162
Guildford,8,89
Mole Valley,0,0
Mole Valley,1,11053
Mole Valley,2,13163
Mole Valley,3,5699
Mole Valley,4,5208
Mole Valley,5,1515
Mole Valley,6,356
Mole Valley,7,94
Mole Valley,8,52
Reigate and Banstead,0,0
Reigate and Banstead,1,15797
Reigate and Banstead,2,19597
Reigate and Banstead,3,10617
Reigate and Banstead,4,9950
Reigate and Banstead,5,2869
Reigate and Banstead,6,732
Reigate and Banstead,7,183
Reigate and Banstead,8,104
Runnymede,0,0
Runnymede,1,9939
Runnymede,2,11461
Runnymede,3,5859
Runnymede,4,5188
Runnymede,5,1678
Runnymede,6,501
Runnymede,7,146
Runnymede,8,67
Spelthorne,0,0
Spelthorne,1,11665
Spelthorne,2,13315
Spelthorne,3,7490
Spelthorne,4,6538
Spelthorne,5,1956
Spelthorne,6,560
Spelthorne,7,179
Spelthorne,8,102
Surrey Heath,0,0
Surrey Heath,1,9067
Surrey Heath,2,12523
Surrey Heath,3,6175
Surrey Heath,4,5919
Surrey Heath,5,1662
Surrey Heath,6,464
Surrey Heath,7,141
Surrey Heath,8,57
Tandridge,0,0
Tandridge,1,9702
Tandridge,2,12155
Tandridge,3,6020
Tandridge,4,5551
Tandridge,5,1616
Tandridge,6,416
Tandridge,7,109
Tandridge,8,54
Waverley,0,0
Waverley,1,14642
Waverley,2,18641
Waverley,3,8096
Waverley,4,8118
Waverley,5,2315
Waverley,6,462
Waverley,7,122
Waverley,8,52
Woking,0,0
Woking,1,11124
Woking,2,13518
Woking,3,6998
Woking,4,6671
Woking,5,2068
Woking,6,664
Woking,7,235
Woking,8,158
North Warwickshire,0,0
North Warwickshire,1,7642
North Warwickshire,2,10250
North Warwickshire,3,4628
North Warwickshire,4,3556
North Warwickshire,5,1084
North Warwickshire,6,301
North Warwickshire,7,89
North Warwickshire,8,30
Nuneaton and Bedworth,0,0
Nuneaton and Bedworth,1,16345
Nuneaton and Bedworth,2,19618
Nuneaton and Bedworth,3,9818
Nuneaton and Bedworth,4,7198
Nuneaton and Bedworth,5,2515
Nuneaton and Bedworth,6,776
Nuneaton and Bedworth,7,206
Nuneaton and Bedworth,8,110
Rugby,0,0
Rugby,1,12774
Rugby,2,16643
Rugby,3,8006
Rugby,4,6708
Rugby,5,2044
Rugby,6,548
Rugby,7,179
Rugby,8,111
Stratford-on-Avon,0,0
Stratford-on-Avon,1,17306
Stratford-on-Avon,2,23415
Stratford-on-Avon,3,9057
Stratford-on-Avon,4,7099
Stratford-on-Avon,5,1922
Stratford-on-Avon,6,471
Stratford-on-Avon,7,127
Stratford-on-Avon,8,67
Warwick,0,0
Warwick,1,18999
Warwick,2,21917
Warwick,3,9921
Warwick,4,8495
Warwick,5,2272
Warwick,6,683
Warwick,7,212
Warwick,8,120
Adur,0,0
Adur,1,8414
Adur,2,9684
Adur,3,4360
Adur,4,3696
Adur,5,1128
Adur,6,269
Adur,7,85
Adur,8,41
Arun,0,0
Arun,1,22768
Arun,2,27801
Arun,3,10420
Arun,4,8088
Arun,5,2553
Arun,6,713
Arun,7,209
Arun,8,109
Chichester,0,0
Chichester,1,16841
Chichester,2,20980
Chichester,3,7468
Chichester,4,6187
Chichester,5,1946
Chichester,6,505
Chichester,7,134
Chichester,8,61
Crawley,0,0
Crawley,1,11517
Crawley,2,13987
Crawley,3,8280
Crawley,4,7360
Crawley,5,2792
Crawley,6,1056
Crawley,7,322
Crawley,8,188
Horsham,0,0
Horsham,1,17535
Horsham,2,23545
Horsham,3,9676
Horsham,4,8486
Horsham,5,2365
Horsham,6,585
Horsham,7,109
Horsham,8,67
Mid Sussex,0,0
Mid Sussex,1,17421
Mid Sussex,2,22501
Mid Sussex,3,10289
Mid Sussex,4,9613
Mid Sussex,5,2682
Mid Sussex,6,625
Mid Sussex,7,134
Mid Sussex,8,84
Worthing,0,0
Worthing,1,16764
Worthing,2,17066
Worthing,3,7455
Worthing,4,5837
Worthing,5,1729
Worthing,6,495
Worthing,7,132
Worthing,8,57
Bromsgrove,0,0
Bromsgrove,1,11293
Bromsgrove,2,15069
Bromsgrove,3,6809
Bromsgrove,4,5932
Bromsgrove,5,1606
Bromsgrove,6,398
Bromsgrove,7,108
Bromsgrove,8,50
Malvern Hills,0,0
Malvern Hills,1,10303
Malvern Hills,2,14028
Malvern Hills,3,5071
Malvern Hills,4,3941
Malvern Hills,5,1132
Malvern Hills,6,307
Malvern Hills,7,73
Malvern Hills,8,35
Redditch,0,0
Redditch,1,10102
Redditch,2,12798
Redditch,3,6307
Redditch,4,4817
Redditch,5,1647
Redditch,6,488
Redditch,7,141
Redditch,8,78
Worcester,0,0
Worcester,1,14157
Worcester,2,15492
Worcester,3,7127
Worcester,4,5447
Worcester,5,1689
Worcester,6,548
Worcester,7,168
Worcester,8,96
Wychavon,0,0
Wychavon,1,15847
Wychavon,2,22833
Wychavon,3,8872
Wychavon,4,7097
Wychavon,5,2018
Wychavon,6,497
Wychavon,7,143
Wychavon,8,50
Wyre Forest,0,0
Wyre Forest,1,14377
Wyre Forest,2,16969
Wyre Forest,3,6729
Wyre Forest,4,5068
Wyre Forest,5,1546
Wyre Forest,6,418
Wyre Forest,7,145
Wyre Forest,8,66
St Albans,0,0
St Albans,1,15527
St Albans,2,18943
St Albans,3,9958
St Albans,4,10556
St Albans,5,3040
St Albans,6,683
St Albans,7,190
St Albans,8,93
Welwyn Hatfield,0,0
Welwyn Hatfield,1,12928
Welwyn Hatfield,2,14321
Welwyn Hatfield,3,8115
Welwyn Hatfield,4,7266
Welwyn Hatfield,5,2403
Welwyn Hatfield,6,794
Welwyn Hatfield,7,212
Welwyn Hatfield,8,172
East Hertfordshire,0,0
East Hertfordshire,1,16952
East Hertfordshire,2,21563
East Hertfordshire,3,10360
East Hertfordshire,4,9683
East Hertfordshire,5,2694
East Hertfordshire,6,609
East Hertfordshire,7,111
East Hertfordshire,8,50
Stevenage,0,0
Stevenage,1,10568
Stevenage,2,11475
Stevenage,3,6468
Stevenage,4,5300
Stevenage,5,1841
Stevenage,6,624
Stevenage,7,157
Stevenage,8,79
East Suffolk,0,0
East Suffolk,1,35819
East Suffolk,2,42792
East Suffolk,3,14923
East Suffolk,4,11923
East Suffolk,5,3838
East Suffolk,6,1028
East Suffolk,7,296
East Suffolk,8,130
West Suffolk,0,0
West Suffolk,1,25490
West Suffolk,2,28502
West Suffolk,3,11494
West Suffolk,4,9288
West Suffolk,5,2895
West Suffolk,6,778
West Suffolk,7,211
West Suffolk,8,88
Somerset West and Taunton,0,0
Somerset West and Taunton,1,22397
Somerset West and Taunton,2,26771
Somerset West and Taunton,3,9828
Somerset West and Taunton,4,7568
Somerset West and Taunton,5,2479
Somerset West and Taunton,6,651
Somerset West and Taunton,7,178
Somerset West and Taunton,8,114
Bolton,0,0
Bolton,1,36521
Bolton,2,36766
Bolton,3,19218
Bolton,4,15001
Bolton,5,6336
Bolton,6,2696
Bolton,7,1169
Bolton,8,1084
Bury,0,0
Bury,1,24880
Bury,2,26584
Bury,3,13122
Bury,4,10148
Bury,5,3621
Bury,6,1356
Bury,7,555
Bury,8,429
Manchester,0,0
Manchester,1,71577
Manchester,2,62664
Manchester,3,32180
Manchester,4,24487
Manchester,5,12817
Manchester,6,6275
Manchester,7,2700
Manchester,8,2029
Oldham,0,0
Oldham,1,27396
Oldham,2,28070
Oldham,3,15256
Oldham,4,11738
Oldham,5,5397
Oldham,6,2743
Oldham,7,1261
Oldham,8,1278
Rochdale,0,0
Rochdale,1,27641
Rochdale,2,27854
Rochdale,3,14951
Rochdale,4,11210
Rochdale,5,5003
Rochdale,6,2146
Rochdale,7,849
Rochdale,8,569
Salford,0,0
Salford,1,39141
Salford,2,37670
Salford,3,18097
Salford,4,12359
Salford,5,4608
Salford,6,1794
Salford,7,664
Salford,8,785
Stockport,0,0
Stockport,1,39439
Stockport,2,42565
Stockport,3,20627
Stockport,4,16999
Stockport,5,5049
Stockport,6,1328
Stockport,7,399
Stockport,8,239
Tameside,0,0
Tameside,1,32374
Tameside,2,32399
Tameside,3,16536
Tameside,4,11845
Tameside,5,4169
Tameside,6,1370
Tameside,7,488
Tameside,8,346
Trafford,0,0
Trafford,1,28369
Trafford,2,30169
Trafford,3,16038
Trafford,4,14824
Trafford,5,4766
Trafford,6,1448
Trafford,7,410
Trafford,8,245
Wigan,0,0
Wigan,1,43950
Wigan,2,49686
Wigan,3,24370
Wigan,4,17771
Wigan,5,5425
Wigan,6,1366
Wigan,7,365
Wigan,8,172
Knowsley,0,0
Knowsley,1,20645
Knowsley,2,20770
Knowsley,3,12369
Knowsley,4,8436
Knowsley,5,2832
Knowsley,6,758
Knowsley,7,194
Knowsley,8,69
Liverpool,0,0
Liverpool,1,76340
Liverpool,2,62338
Liverpool,3,32801
Liverpool,4,23081
Liverpool,5,8364
Liverpool,6,2854
Liverpool,7,1054
Liverpool,8,659
St. Helens,0,0
St. Helens,1,25561
St. Helens,2,28261
St. Helens,3,13961
St. Helens,4,9445
St. Helens,5,2798
St. Helens,6,716
St. Helens,7,188
St. Helens,8,81
Sefton,0,0
Sefton,1,41520
Sefton,2,40852
Sefton,3,19654
Sefton,4,14538
Sefton,5,4632
Sefton,6,1297
Sefton,7,334
Sefton,8,249
Wirral,0,0
Wirral,1,49688
Wirral,2,47215
Wirral,3,22413
Wirral,4,16632
Wirral,5,5260
Wirral,6,1411
Wirral,7,424
Wirral,8,209
Barnsley,0,0
Barnsley,1,33289
Barnsley,2,39307
Barnsley,3,17958
Barnsley,4,12350
Barnsley,5,3775
Barnsley,6,987
Barnsley,7,256
Barnsley,8,128
Doncaster,0,0
Doncaster,1,41667
Doncaster,2,47031
Doncaster,3,21951
Doncaster,4,15610
Doncaster,5,5110
Doncaster,6,1492
Doncaster,7,414
Doncaster,8,204
Rotherham,0,0
Rotherham,1,34225
Rotherham,2,40346
Rotherham,3,18652
Rotherham,4,13936
Rotherham,5,4593
Rotherham,6,1387
Rotherham,7,471
Rotherham,8,315
Sheffield,0,0
Sheffield,1,75759
Sheffield,2,77636
Sheffield,3,34992
Sheffield,4,27650
Sheffield,5,10083
Sheffield,6,3605
Sheffield,7,1306
Sheffield,8,919
Newcastle upon Tyne,0,0
Newcastle upon Tyne,1,42031
Newcastle upon Tyne,2,39194
Newcastle upon Tyne,3,18742
Newcastle upon Tyne,4,13929
Newcastle upon Tyne,5,5284
Newcastle upon Tyne,6,2212
Newcastle upon Tyne,7,805
Newcastle upon Tyne,8,600
North Tyneside,0,0
North Tyneside,1,33553
North Tyneside,2,33266
North Tyneside,3,14822
North Tyneside,4,10971
North Tyneside,5,2735
North Tyneside,6,680
North Tyneside,7,149
North Tyneside,8,56
South Tyneside,0,0
South Tyneside,1,24550
South Tyneside,2,22878
South Tyneside,3,11001
South Tyneside,4,7092
South Tyneside,5,2023
South Tyneside,6,538
South Tyneside,7,138
South Tyneside,8,69
Sunderland,0,0
Sunderland,1,40368
Sunderland,2,42256
Sunderland,3,20562
Sunderland,4,13589
Sunderland,5,3809
Sunderland,6,1062
Sunderland,7,342
Sunderland,8,194
Birmingham,0,0
Birmingham,1,133224
Birmingham,2,113012
Birmingham,3,63986
Birmingham,4,54503
Birmingham,5,29542
Birmingham,6,15649
Birmingham,7,7273
Birmingham,8,6267
Coventry,0,0
Coventry,1,40777
Coventry,2,39787
Coventry,3,22556
Coventry,4,18458
Coventry,5,7827
Coventry,6,2839
Coventry,7,1194
Coventry,8,703
Dudley,0,0
Dudley,1,41709
Dudley,2,46526
Dudley,3,22691
Dudley,4,17069
Dudley,5,5961
Dudley,6,1993
Dudley,7,682
Dudley,8,436
Sandwell,0,0
Sandwell,1,38042
Sandwell,2,36353
Sandwell,3,21854
Sandwell,4,18634
Sandwell,5,8688
Sandwell,6,3828
Sandwell,7,1556
Sandwell,8,1291
Solihull,0,0
Solihull,1,25852
Solihull,2,29628
Solihull,3,14787
Solihull,4,13210
Solihull,5,4263
Solihull,6,1182
Solihull,7,369
Solihull,8,193
Walsall,0,0
Walsall,1,32129
Walsall,2,34801
Walsall,3,18679
Walsall,4,15479
Walsall,5,6831
Walsall,6,2730
Walsall,7,958
Walsall,8,619
Wolverhampton,0,0
Wolverhampton,1,32468
Wolverhampton,2,30542
Wolverhampton,3,17539
Wolverhampton,4,14599
Wolverhampton,5,6342
Wolverhampton,6,2342
Wolverhampton,7,836
Wolverhampton,8,473
Bradford,0,0
Bradford,1,64596
Bradford,2,62123
Bradford,3,30899
Bradford,4,25836
Bradford,5,13918
Bradford,6,6663
Bradford,7,3195
Bradford,8,2638
Calderdale,0,0
Calderdale,1,30308
Calderdale,2,30724
Calderdale,3,13462
Calderdale,4,10276
Calderdale,5,3591
Calderdale,6,1286
Calderdale,7,500
Calderdale,8,329
Kirklees,0,0
Kirklees,1,55176
Kirklees,2,58537
Kirklees,3,26964
Kirklees,4,22256
Kirklees,5,8985
Kirklees,6,3716
Kirklees,7,1385
Kirklees,8,970
Leeds,0,0
Leeds,1,111380
Leeds,2,113145
Leeds,3,51679
Leeds,4,42206
Leeds,5,14687
Leeds,6,5269
Leeds,7,1844
Leeds,8,1256
Wakefield,0,0
Wakefield,1,46419
Wakefield,2,54854
Wakefield,3,25346
Wakefield,4,18419
Wakefield,5,5567
Wakefield,6,1633
Wakefield,7,540
Wakefield,8,297
Gateshead,0,0
Gateshead,1,30807
Gateshead,2,31231
Gateshead,3,13652
Gateshead,4,9449
Gateshead,5,2589
Gateshead,6,802
Gateshead,7,237
Gateshead,8,233
City of London,0,0
City of London,1,2506
City of London,2,1767
City of London,3,371
City of London,4,190
City of London,5,52
City of London,6,11
City of London,7,7
City of London,8,10
Barking and Dagenham,0,0
Barking and Dagenham,1,17503
Barking and Dagenham,2,16630
Barking and Dagenham,3,13943
Barking and Dagenham,4,13273
Barking and Dagenham,5,7147
Barking and Dagenham,6,3134
Barking and Dagenham,7,1296
Barking and Dagenham,8,976
Barnet,0,0
Barnet,1,41658
Barnet,2,42347
Barnet,3,26841
Barnet,4,22637
Barnet,5,9113
Barnet,6,3563
Barnet,7,1542
Barnet,8,1216
Bexley,0,0
Bexley,1,24753
Bexley,2,28297
Bexley,3,17616
Bexley,4,16104
Bexley,5,5852
Bexley,6,1814
Bexley,7,576
Bexley,8,287
Brent,0,0
Brent,1,31985
Brent,2,30225
Brent,3,20783
Brent,4,17500
Brent,5,8810
Brent,6,4512
Brent,7,2151
Brent,8,2649
Bromley,0,0
Bromley,1,38668
Bromley,2,43242
Bromley,3,24235
Bromley,4,21393
Bromley,5,6040
Bromley,6,1591
Bromley,7,439
Bromley,8,219
Camden,0,0
Camden,1,35929
Camden,2,28682
Camden,3,12979
Camden,4,9162
Camden,5,3747
Camden,6,1384
Camden,7,516
Camden,8,358
Croydon,0,0
Croydon,1,43091
Croydon,2,45181
Croydon,3,27823
Croydon,4,22312
Croydon,5,9257
Croydon,6,3362
Croydon,7,1174
Croydon,8,746
Ealing,0,0
Ealing,1,35662
Ealing,2,35953
Ealing,3,23795
Ealing,4,21198
Ealing,5,9717
Ealing,6,3984
Ealing,7,1722
Ealing,8,1627
Enfield,0,0
Enfield,1,31159
Enfield,2,32259
Enfield,3,23242
Enfield,4,19932
Enfield,5,8456
Enfield,6,3194
Enfield,7,1283
Enfield,8,1400
Greenwich,0,0
Greenwich,1,34048
Greenwich,2,34464
Greenwich,3,19487
Greenwich,4,15326
Greenwich,5,6348
Greenwich,6,2456
Greenwich,7,986
Greenwich,8,938
Hackney,0,0
Hackney,1,34928
Hackney,2,32643
Hackney,3,17123
Hackney,4,11627
Hackney,5,5216
Hackney,6,2220
Hackney,7,1043
Hackney,8,1281
Hammersmith and Fulham,0,0
Hammersmith and Fulham,1,29324
Hammersmith and Fulham,2,25940
Hammersmith and Fulham,3,12395
Hammersmith and Fulham,4,8457
Hammersmith and Fulham,5,3447
Hammersmith and Fulham,6,1074
Hammersmith and Fulham,7,375
Hammersmith and Fulham,8,232
Haringey,0,0
Haringey,1,32293
Haringey,2,31075
Haringey,3,18054
Haringey,4,13972
Haringey,5,5509
Haringey,6,2059
Haringey,7,1040
Haringey,8,1090
Harrow,0,0
Harrow,1,19852
Harrow,2,23520
Harrow,3,17121
Harrow,4,16517
Harrow,5,6788
Harrow,6,3097
Harrow,7,1250
Harrow,8,1497
Havering,0,0
Havering,1,26129
Havering,2,30782
Havering,3,18689
Havering,4,16434
Havering,5,6195
Havering,6,1986
Havering,7,686
Havering,8,377
Hillingdon,0,0
Hillingdon,1,26635
Hillingdon,2,29597
Hillingdon,3,20484
Hillingdon,4,18849
Hillingdon,5,8247
Hillingdon,6,3229
Hillingdon,7,1223
Hillingdon,8,965
Hounslow,0,0
Hounslow,1,26209
Hounslow,2,26606
Hounslow,3,19160
Hounslow,4,17182
Hounslow,5,7626
Hounslow,6,3294
Hounslow,7,1486
Hounslow,8,1400
Islington,0,0
Islington,1,34795
Islington,2,32524
Islington,3,14660
Islington,4,9171
Islington,5,3245
Islington,6,1146
Islington,7,478
Islington,8,477
Kensington and Chelsea,0,0
Kensington and Chelsea,1,29232
Kensington and Chelsea,2,19338
Kensington and Chelsea,3,8247
Kensington and Chelsea,4,5577
Kensington and Chelsea,5,2619
Kensington and Chelsea,6,1017
Kensington and Chelsea,7,525
Kensington and Chelsea,8,329
Kingston upon Thames,0,0
Kingston upon Thames,1,17716
Kingston upon Thames,2,19953
Kingston upon Thames,3,11957
Kingston upon Thames,4,11015
Kingston upon Thames,5,3482
Kingston upon Thames,6,1062
Kingston upon Thames,7,283
Kingston upon Thames,8,158
Lambeth,0,0
Lambeth,1,43154
Lambeth,2,44849
Lambeth,3,22469
Lambeth,4,14991
Lambeth,5,5477
Lambeth,6,2164
Lambeth,7,824
Lambeth,8,758
Lewisham,0,0
Lewisham,1,37147
Lewisham,2,38233
Lewisham,3,21153
Lewisham,4,15941
Lewisham,5,5867
Lewisham,6,2371
Lewisham,7,874
Lewisham,8,809
Merton,0,0
Merton,1,20464
Merton,2,24679
Merton,3,15139
Merton,4,13427
Merton,5,5062
Merton,6,1809
Merton,7,639
Merton,8,510
Newham,0,0
Newham,1,27038
Newham,2,29262
Newham,3,19830
Newham,4,17444
Newham,5,10555
Newham,6,5546
Newham,7,2700
Newham,8,3133
Redbridge,0,0
Redbridge,1,23886
Redbridge,2,24386
Redbridge,3,18837
Redbridge,4,19096
Redbridge,5,9526
Redbridge,6,4295
Redbridge,7,1955
Redbridge,8,1732
Richmond upon Thames,0,0
Richmond upon Thames,1,23871
Richmond upon Thames,2,25216
Richmond upon Thames,3,13861
Richmond upon Thames,4,12962
Richmond upon Thames,5,3615
Richmond upon Thames,6,841
Richmond upon Thames,7,228
Richmond upon Thames,8,111
Southwark,0,0
Southwark,1,43348
Southwark,2,42744
Southwark,3,21078
Southwark,4,14423
Southwark,5,5619
Southwark,6,2133
Southwark,7,739
Southwark,8,734
Sutton,0,0
Sutton,1,22197
Sutton,2,24218
Sutton,3,15236
Sutton,4,14150
Sutton,5,4648
Sutton,6,1359
Sutton,7,354
Sutton,8,189
Tower Hamlets,0,0
Tower Hamlets,1,38531
Tower Hamlets,2,37437
Tower Hamlets,3,17229
Tower Hamlets,4,12514
Tower Hamlets,5,7442
Tower Hamlets,6,4036
Tower Hamlets,7,1747
Tower Hamlets,8,1603
Waltham Forest,0,0
Waltham Forest,1,26696
Waltham Forest,2,29957
Waltham Forest,3,18668
Waltham Forest,4,15319
Waltham Forest,5,6585
Waltham Forest,6,2968
Waltham Forest,7,1329
Waltham Forest,8,1379
Wandsworth,0,0
Wandsworth,1,41132
Wandsworth,2,46877
Wandsworth,3,23047
Wandsworth,4,17358
Wandsworth,5,6119
Wandsworth,6,1839
Wandsworth,7,609
Wandsworth,8,412
Westminster,0,0
Westminster,1,40443
Westminster,2,28605
Westminster,3,12069
Westminster,4,7583
Westminster,5,3620
Westminster,6,1455
Westminster,7,491
Westminster,8,549
Isle of Anglesey,0,0
Isle of Anglesey,1,10189
Isle of Anglesey,2,11246
Isle of Anglesey,3,4435
Isle of Anglesey,4,3284
Isle of Anglesey,5,1195
Isle of Anglesey,6,325
Isle of Anglesey,7,89
Isle of Anglesey,8,59
Gwynedd,0,0
Gwynedd,1,17664
Gwynedd,2,17612
Gwynedd,3,7155
Gwynedd,4,5531
Gwynedd,5,2157
Gwynedd,6,678
Gwynedd,7,191
Gwynedd,8,117
Conwy,0,0
Conwy,1,17909
Conwy,2,19249
Conwy,3,7443
Conwy,4,5156
Conwy,5,1723
Conwy,6,507
Conwy,7,153
Conwy,8,95
Denbighshire,0,0
Denbighshire,1,14107
Denbighshire,2,15214
Denbighshire,3,6170
Denbighshire,4,4510
Denbighshire,5,1612
Denbighshire,6,528
Denbighshire,7,171
Denbighshire,8,75
Flintshire,0,0
Flintshire,1,19471
Flintshire,2,24340
Flintshire,3,11233
Flintshire,4,8479
Flintshire,5,2498
Flintshire,6,661
Flintshire,7,161
Flintshire,8,68
Wrexham,0,0
Wrexham,1,17662
Wrexham,2,20423
Wrexham,3,9795
Wrexham,4,7055
Wrexham,5,2162
Wrexham,6,592
Wrexham,7,156
Wrexham,8,69
Ceredigion,0,0
Ceredigion,1,10202
Ceredigion,2,11845
Ceredigion,3,4045
Ceredigion,4,3103
Ceredigion,5,1124
Ceredigion,6,380
Ceredigion,7,114
Ceredigion,8,79
Pembrokeshire,0,0
Pembrokeshire,1,18507
Pembrokeshire,2,20546
Pembrokeshire,3,7797
Pembrokeshire,4,5691
Pembrokeshire,5,2084
Pembrokeshire,6,585
Pembrokeshire,7,189
Pembrokeshire,8,88
Carmarthenshire,0,0
Carmarthenshire,1,25349
Carmarthenshire,2,29813
Carmarthenshire,3,12553
Carmarthenshire,4,9392
Carmarthenshire,5,3222
Carmarthenshire,6,980
Carmarthenshire,7,291
Carmarthenshire,8,159
Swansea,0,0
Swansea,1,36154
Swansea,2,35218
Swansea,3,15877
Swansea,4,12001
Swansea,5,3996
Swansea,6,1171
Swansea,7,367
Swansea,8,178
Neath Port Talbot,0,0
Neath Port Talbot,1,20368
Neath Port Talbot,2,21531
Neath Port Talbot,3,10255
Neath Port Talbot,4,7283
Neath Port Talbot,5,2151
Neath Port Talbot,6,578
Neath Port Talbot,7,154
Neath Port Talbot,8,56
Bridgend,0,0
Bridgend,1,18664
Bridgend,2,22412
Bridgend,3,10481
Bridgend,4,7461
Bridgend,5,2420
Bridgend,6,651
Bridgend,7,163
Bridgend,8,108
Vale of Glamorgan,0,0
Vale of Glamorgan,1,17841
Vale of Glamorgan,2,20368
Vale of Glamorgan,3,9111
Vale of Glamorgan,4,7186
Vale of Glamorgan,5,2275
Vale of Glamorgan,6,496
Vale of Glamorgan,7,124
Vale of Glamorgan,8,45
Cardiff,0,0
Cardiff,1,47463
Cardiff,2,47353
Cardiff,3,23187
Cardiff,4,18472
Cardiff,5,6717
Cardiff,6,2479
Cardiff,7,976
Cardiff,8,686
Rhondda Cynon Taf,0,0
Rhondda Cynon Taf,1,32170
Rhondda Cynon Taf,2,35250
Rhondda Cynon Taf,3,17769
Rhondda Cynon Taf,4,12881
Rhondda Cynon Taf,5,4015
Rhondda Cynon Taf,6,922
Rhondda Cynon Taf,7,230
Rhondda Cynon Taf,8,103
Caerphilly,0,0
Caerphilly,1,22965
Caerphilly,2,26687
Caerphilly,3,13138
Caerphilly,4,9500
Caerphilly,5,2922
Caerphilly,6,752
Caerphilly,7,203
Caerphilly,8,90
Blaenau Gwent,0,0
Blaenau Gwent,1,10175
Blaenau Gwent,2,10462
Blaenau Gwent,3,5174
Blaenau Gwent,4,3182
Blaenau Gwent,5,1020
Blaenau Gwent,6,231
Blaenau Gwent,7,71
Blaenau Gwent,8,25
Torfaen,0,0
Torfaen,1,12316
Torfaen,2,14189
Torfaen,3,6866
Torfaen,4,4784
Torfaen,5,1478
Torfaen,6,428
Torfaen,7,121
Torfaen,8,59
Monmouthshire,0,0
Monmouthshire,1,12287
Monmouthshire,2,15862
Monmouthshire,3,6144
Monmouthshire,4,4765
Monmouthshire,5,1387
Monmouthshire,6,347
Monmouthshire,7,89
Monmouthshire,8,44
Newport,0,0
Newport,1,19997
Newport,2,21708
Newport,3,11114
Newport,4,8436
Newport,5,2914
Newport,6,1031
Newport,7,437
Newport,8,416
Powys,0,0
Powys,1,19841
Powys,2,22962
Powys,3,8037
Powys,4,6194
Powys,5,2269
Powys,6,597
Powys,7,192
Powys,8,90
Merthyr Tydfil,0,0
Merthyr Tydfil,1,8258
Merthyr Tydfil,2,8616
Merthyr Tydfil,3,4503
Merthyr Tydfil,4,3109
Merthyr Tydfil,5,964
Merthyr Tydfil,6,240
Merthyr Tydfil,7,66
Merthyr Tydfil,8,27
